Urls,Names
https://www.poewiki.net/images/thumb/5/5a/Araku_Tiki_inventory_icon.png/39px-Araku_Tiki_inventory_icon.png,Araku Tiki
https://www.poewiki.net/images/thumb/4/46/Sidhebreath_inventory_icon.png/39px-Sidhebreath_inventory_icon.png,Sidhebreath
https://www.poewiki.net/images/thumb/b/b1/Blood_of_Corruption_inventory_icon.png/39px-Blood_of_Corruption_inventory_icon.png,Blood of Corruption
https://www.poewiki.net/images/thumb/8/8a/Karui_Ward_inventory_icon.png/39px-Karui_Ward_inventory_icon.png,Karui Ward
https://www.poewiki.net/images/thumb/8/8a/Karui_Ward_inventory_icon.png/39px-Karui_Ward_inventory_icon.png,Karui Ward
https://www.poewiki.net/images/thumb/5/52/Stone_of_Lazhwar_inventory_icon.png/39px-Stone_of_Lazhwar_inventory_icon.png,Stone of Lazhwar
https://www.poewiki.net/images/thumb/3/3a/Tear_of_Purity_inventory_icon.png/39px-Tear_of_Purity_inventory_icon.png,Tear of Purity
https://www.poewiki.net/images/thumb/2/2e/Xoph%27s_Heart_inventory_icon.png/39px-Xoph%27s_Heart_inventory_icon.png,Xoph's Heart
https://www.poewiki.net/images/thumb/c/c5/The_Ascetic_inventory_icon.png/39px-The_Ascetic_inventory_icon.png,The Ascetic
https://www.poewiki.net/images/thumb/3/3e/The_Ignomon_inventory_icon.png/39px-The_Ignomon_inventory_icon.png,The Ignomon
https://www.poewiki.net/images/thumb/a/ac/Night%27s_Hold_inventory_icon.png/39px-Night%27s_Hold_inventory_icon.png,Night's Hold
https://www.poewiki.net/images/thumb/0/0a/Atziri%27s_Foible_inventory_icon.png/39px-Atziri%27s_Foible_inventory_icon.png,Atziri's Foible
https://www.poewiki.net/images/thumb/7/77/Daresso%27s_Salute_inventory_icon.png/39px-Daresso%27s_Salute_inventory_icon.png,Daresso's Salute
https://www.poewiki.net/images/thumb/4/40/Extractor_Mentis_inventory_icon.png/39px-Extractor_Mentis_inventory_icon.png,Extractor Mentis
https://www.poewiki.net/images/thumb/0/0a/Atziri%27s_Foible_inventory_icon.png/39px-Atziri%27s_Foible_inventory_icon.png,Atziri's Foible
https://www.poewiki.net/images/thumb/e/e2/Retaliation_Charm_inventory_icon.png/39px-Retaliation_Charm_inventory_icon.png,Retaliation Charm
https://www.poewiki.net/images/thumb/3/33/Shaper%27s_Seed_inventory_icon.png/39px-Shaper%27s_Seed_inventory_icon.png,Shaper's Seed
https://www.poewiki.net/images/thumb/1/15/Victario%27s_Acuity_inventory_icon.png/39px-Victario%27s_Acuity_inventory_icon.png,Victario's Acuity
https://www.poewiki.net/images/thumb/9/9f/Astramentis_inventory_icon.png/39px-Astramentis_inventory_icon.png,Astramentis
https://www.poewiki.net/images/thumb/c/ca/Carnage_Heart_inventory_icon.png/39px-Carnage_Heart_inventory_icon.png,Carnage Heart
https://www.poewiki.net/images/thumb/f/fd/Eye_of_Chayula_inventory_icon.png/39px-Eye_of_Chayula_inventory_icon.png,Eye of Chayula
https://www.poewiki.net/images/thumb/c/cd/Maligaro%27s_Cruelty_inventory_icon.png/39px-Maligaro%27s_Cruelty_inventory_icon.png,Maligaro's Cruelty
https://www.poewiki.net/images/thumb/8/84/Ungil%27s_Harmony_inventory_icon.png/39px-Ungil%27s_Harmony_inventory_icon.png,Ungil's Harmony
https://www.poewiki.net/images/thumb/4/4d/Doedre%27s_Tongue_inventory_icon.png/39px-Doedre%27s_Tongue_inventory_icon.png,Doedre's Tongue
https://www.poewiki.net/images/thumb/d/d7/Blightwell_inventory_icon.png/39px-Blightwell_inventory_icon.png,Blightwell
https://www.poewiki.net/images/thumb/1/10/Rigwald%27s_Curse_inventory_icon.png/39px-Rigwald%27s_Curse_inventory_icon.png,Rigwald's Curse
https://www.poewiki.net/images/thumb/b/bf/Star_of_Wraeclast_inventory_icon.png/39px-Star_of_Wraeclast_inventory_icon.png,Star of Wraeclast
https://www.poewiki.net/images/thumb/9/9e/Perquil%27s_Toe_inventory_icon.png/39px-Perquil%27s_Toe_inventory_icon.png,Perquil's Toe
https://www.poewiki.net/images/thumb/1/10/Bisco%27s_Collar_inventory_icon.png/39px-Bisco%27s_Collar_inventory_icon.png,Bisco's Collar
https://www.poewiki.net/images/thumb/e/e9/Ikiaho%27s_Promise_inventory_icon.png/39px-Ikiaho%27s_Promise_inventory_icon.png,Ikiaho's Promise
https://www.poewiki.net/images/thumb/0/08/Sacrificial_Heart_inventory_icon.png/39px-Sacrificial_Heart_inventory_icon.png,Sacrificial Heart
https://www.poewiki.net/images/thumb/1/12/The_Aylardex_inventory_icon.png/39px-The_Aylardex_inventory_icon.png,The Aylardex
https://www.poewiki.net/images/thumb/b/b0/Voll%27s_Devotion_inventory_icon.png/39px-Voll%27s_Devotion_inventory_icon.png,Voll's Devotion
https://www.poewiki.net/images/thumb/9/9b/The_Primordial_Chain_inventory_icon.png/39px-The_Primordial_Chain_inventory_icon.png,The Primordial Chain
https://www.poewiki.net/images/thumb/2/24/The_Halcyon_inventory_icon.png/39px-The_Halcyon_inventory_icon.png,The Halcyon
https://www.poewiki.net/images/thumb/c/cb/Fury_Valve_inventory_icon.png/39px-Fury_Valve_inventory_icon.png,Fury Valve
https://www.poewiki.net/images/thumb/2/28/Marylene%27s_Fallacy_inventory_icon.png/39px-Marylene%27s_Fallacy_inventory_icon.png,Marylene's Fallacy
https://www.poewiki.net/images/thumb/9/97/The_Utmost_inventory_icon.png/39px-The_Utmost_inventory_icon.png,The Utmost
https://www.poewiki.net/images/thumb/9/9a/Winterheart_inventory_icon.png/39px-Winterheart_inventory_icon.png,Winterheart
https://www.poewiki.net/images/thumb/b/b9/Tainted_Pact_inventory_icon.png/39px-Tainted_Pact_inventory_icon.png,Tainted Pact
https://www.poewiki.net/images/thumb/9/9a/Winterheart_inventory_icon.png/39px-Winterheart_inventory_icon.png,Winterheart
https://www.poewiki.net/images/thumb/b/bd/Hinekora%27s_Sight_inventory_icon.png/39px-Hinekora%27s_Sight_inventory_icon.png,Hinekora's Sight
https://www.poewiki.net/images/thumb/b/b9/Natural_Hierarchy_inventory_icon.png/39px-Natural_Hierarchy_inventory_icon.png,Natural Hierarchy
https://www.poewiki.net/images/thumb/b/bd/Hinekora%27s_Sight_inventory_icon.png/39px-Hinekora%27s_Sight_inventory_icon.png,Hinekora's Sight
https://www.poewiki.net/images/thumb/1/1d/The_Anvil_inventory_icon.png/39px-The_Anvil_inventory_icon.png,The Anvil
https://www.poewiki.net/images/thumb/1/10/Rashkaldor%27s_Patience_inventory_icon.png/39px-Rashkaldor%27s_Patience_inventory_icon.png,Rashkaldor's Patience
https://www.poewiki.net/images/thumb/c/c9/The_Jinxed_Juju_inventory_icon.png/39px-The_Jinxed_Juju_inventory_icon.png,The Jinxed Juju
https://www.poewiki.net/images/thumb/a/a4/The_Untouched_Soul_inventory_icon.png/39px-The_Untouched_Soul_inventory_icon.png,The Untouched Soul
https://www.poewiki.net/images/thumb/c/cc/Bloodsoaked_Medallion_inventory_icon.png/39px-Bloodsoaked_Medallion_inventory_icon.png,Bloodsoaked Medallion
https://www.poewiki.net/images/thumb/9/9b/Defiance_of_Destiny_inventory_icon.png/39px-Defiance_of_Destiny_inventory_icon.png,Defiance of Destiny
https://www.poewiki.net/images/thumb/9/96/Warped_Timepiece_inventory_icon.png/39px-Warped_Timepiece_inventory_icon.png,Warped Timepiece
https://www.poewiki.net/images/thumb/5/59/Eternal_Damnation_inventory_icon.png/39px-Eternal_Damnation_inventory_icon.png,Eternal Damnation
https://www.poewiki.net/images/thumb/4/40/Eyes_of_the_Greatwolf_inventory_icon.png/39px-Eyes_of_the_Greatwolf_inventory_icon.png,Eyes of the Greatwolf
https://www.poewiki.net/images/thumb/5/5a/Stranglegasp_inventory_icon.png/39px-Stranglegasp_inventory_icon.png,Stranglegasp
https://www.poewiki.net/images/thumb/1/1f/Willowgift_inventory_icon.png/39px-Willowgift_inventory_icon.png,Willowgift
https://www.poewiki.net/images/thumb/a/af/Tavukai_inventory_icon.png/39px-Tavukai_inventory_icon.png,Tavukai
https://www.poewiki.net/images/thumb/a/ae/Aul%27s_Uprising_inventory_icon.png/39px-Aul%27s_Uprising_inventory_icon.png,Aul's Uprising
https://www.poewiki.net/images/thumb/a/ae/Aul%27s_Uprising_inventory_icon.png/39px-Aul%27s_Uprising_inventory_icon.png,Aul's Uprising
https://www.poewiki.net/images/thumb/a/ae/Aul%27s_Uprising_inventory_icon.png/39px-Aul%27s_Uprising_inventory_icon.png,Aul's Uprising
https://www.poewiki.net/images/thumb/a/ae/Aul%27s_Uprising_inventory_icon.png/39px-Aul%27s_Uprising_inventory_icon.png,Aul's Uprising
https://www.poewiki.net/images/thumb/5/5a/Replica_Dragonfang%27s_Flight_inventory_icon.png/39px-Replica_Dragonfang%27s_Flight_inventory_icon.png,Replica Dragonfang's Flight
https://www.poewiki.net/images/thumb/4/4e/Ashes_of_the_Stars_inventory_icon.png/39px-Ashes_of_the_Stars_inventory_icon.png,Ashes of the Stars
https://www.poewiki.net/images/thumb/5/5c/Badge_of_the_Brotherhood_inventory_icon.png/39px-Badge_of_the_Brotherhood_inventory_icon.png,Badge of the Brotherhood
https://www.poewiki.net/images/thumb/e/ef/Presence_of_Chayula_inventory_icon.png/39px-Presence_of_Chayula_inventory_icon.png,Presence of Chayula
https://www.poewiki.net/images/thumb/5/5c/Badge_of_the_Brotherhood_inventory_icon.png/39px-Badge_of_the_Brotherhood_inventory_icon.png,Badge of the Brotherhood
https://www.poewiki.net/images/thumb/9/9b/Crystallised_Omniscience_inventory_icon.png/39px-Crystallised_Omniscience_inventory_icon.png,Crystallised Omniscience
https://www.poewiki.net/images/thumb/5/5b/The_Eternal_Struggle_inventory_icon.png/39px-The_Eternal_Struggle_inventory_icon.png,The Eternal Struggle
https://www.poewiki.net/images/thumb/5/5f/The_Felbog_Fang_inventory_icon.png/39px-The_Felbog_Fang_inventory_icon.png,The Felbog Fang
https://www.poewiki.net/images/thumb/6/67/Hyrri%27s_Truth_inventory_icon.png/39px-Hyrri%27s_Truth_inventory_icon.png,Hyrri's Truth
https://www.poewiki.net/images/thumb/e/e9/Impresence_%28Cold%29_inventory_icon.png/39px-Impresence_%28Cold%29_inventory_icon.png,Impresence (Cold)
https://www.poewiki.net/images/thumb/4/47/Impresence_%28Physical%29_inventory_icon.png/39px-Impresence_%28Physical%29_inventory_icon.png,Impresence (Physical)
https://www.poewiki.net/images/thumb/e/ec/Impresence_%28Fire%29_inventory_icon.png/39px-Impresence_%28Fire%29_inventory_icon.png,Impresence (Fire)
https://www.poewiki.net/images/thumb/5/53/Impresence_%28Chaos%29_inventory_icon.png/39px-Impresence_%28Chaos%29_inventory_icon.png,Impresence (Chaos)
https://www.poewiki.net/images/thumb/5/53/Impresence_%28Chaos%29_inventory_icon.png/39px-Impresence_%28Chaos%29_inventory_icon.png,Impresence (Chaos)
https://www.poewiki.net/images/thumb/e/e9/Impresence_%28Cold%29_inventory_icon.png/39px-Impresence_%28Cold%29_inventory_icon.png,Impresence (Cold)
https://www.poewiki.net/images/thumb/e/ec/Impresence_%28Fire%29_inventory_icon.png/39px-Impresence_%28Fire%29_inventory_icon.png,Impresence (Fire)
https://www.poewiki.net/images/thumb/0/07/Impresence_%28Lightning%29_inventory_icon.png/39px-Impresence_%28Lightning%29_inventory_icon.png,Impresence (Lightning)
https://www.poewiki.net/images/thumb/0/07/Impresence_%28Lightning%29_inventory_icon.png/39px-Impresence_%28Lightning%29_inventory_icon.png,Impresence (Lightning)
https://www.poewiki.net/images/thumb/4/47/Impresence_%28Physical%29_inventory_icon.png/39px-Impresence_%28Physical%29_inventory_icon.png,Impresence (Physical)
https://www.poewiki.net/images/thumb/6/67/Hyrri%27s_Truth_inventory_icon.png/39px-Hyrri%27s_Truth_inventory_icon.png,Hyrri's Truth
https://www.poewiki.net/images/thumb/8/8c/Solstice_Vigil_inventory_icon.png/39px-Solstice_Vigil_inventory_icon.png,Solstice Vigil
https://www.poewiki.net/images/thumb/6/6f/The_Pandemonius_inventory_icon.png/39px-The_Pandemonius_inventory_icon.png,The Pandemonius
https://www.poewiki.net/images/thumb/1/1d/Xoph%27s_Blood_inventory_icon.png/39px-Xoph%27s_Blood_inventory_icon.png,Xoph's Blood
https://www.poewiki.net/images/thumb/9/9c/Eye_of_Innocence_inventory_icon.png/39px-Eye_of_Innocence_inventory_icon.png,Eye of Innocence
https://www.poewiki.net/images/thumb/2/2d/Leadership%27s_Price_inventory_icon.png/39px-Leadership%27s_Price_inventory_icon.png,Leadership's Price
https://www.poewiki.net/images/thumb/2/25/The_Ephemeral_Bond_inventory_icon.png/39px-The_Ephemeral_Bond_inventory_icon.png,The Ephemeral Bond
https://www.poewiki.net/images/thumb/a/a7/Choir_of_the_Storm_inventory_icon.png/39px-Choir_of_the_Storm_inventory_icon.png,Choir of the Storm
https://www.poewiki.net/images/thumb/c/c2/Voice_of_the_Storm_inventory_icon.png/39px-Voice_of_the_Storm_inventory_icon.png,Voice of the Storm
https://www.poewiki.net/images/thumb/0/0c/Yoke_of_Suffering_inventory_icon.png/39px-Yoke_of_Suffering_inventory_icon.png,Yoke of Suffering
https://www.poewiki.net/images/thumb/2/2c/Zerphi%27s_Heart_inventory_icon.png/39px-Zerphi%27s_Heart_inventory_icon.png,Zerphi's Heart
https://www.poewiki.net/images/thumb/9/9c/Uul-Netol%27s_Vow_inventory_icon.png/39px-Uul-Netol%27s_Vow_inventory_icon.png,Uul-Netol's Vow
https://www.poewiki.net/images/thumb/4/45/Bloodgrip_inventory_icon.png/39px-Bloodgrip_inventory_icon.png,Bloodgrip
https://www.poewiki.net/images/thumb/3/3a/Gloomfang_inventory_icon.png/39px-Gloomfang_inventory_icon.png,Gloomfang
https://www.poewiki.net/images/thumb/7/72/Demigod%27s_Presence_inventory_icon.png/39px-Demigod%27s_Presence_inventory_icon.png,Demigod's Presence
https://www.poewiki.net/images/thumb/8/8a/Karui_Ward_inventory_icon.png/39px-Karui_Ward_inventory_icon.png,Karui Ward
https://www.poewiki.net/images/thumb/5/5a/Araku_Tiki_inventory_icon.png/39px-Araku_Tiki_inventory_icon.png,Araku Tiki
https://www.poewiki.net/images/thumb/1/11/Talisman_of_the_Victor_inventory_icon.png/39px-Talisman_of_the_Victor_inventory_icon.png,Talisman of the Victor
https://www.poewiki.net/images/thumb/3/3e/The_Ignomon_inventory_icon.png/39px-The_Ignomon_inventory_icon.png,The Ignomon
https://www.poewiki.net/images/thumb/7/73/Darkness_Enthroned_inventory_icon.png/78px-Darkness_Enthroned_inventory_icon.png,Darkness Enthroned
https://www.poewiki.net/images/thumb/f/fe/String_of_Servitude_inventory_icon.png/78px-String_of_Servitude_inventory_icon.png,String of Servitude
https://www.poewiki.net/images/thumb/d/d9/Meginord%27s_Girdle_inventory_icon.png/78px-Meginord%27s_Girdle_inventory_icon.png,Meginord's Girdle
https://www.poewiki.net/images/thumb/2/2a/Feastbind_inventory_icon.png/78px-Feastbind_inventory_icon.png,Feastbind
https://www.poewiki.net/images/thumb/0/0c/Chain_of_Endurance_inventory_icon.png/77px-Chain_of_Endurance_inventory_icon.png,Chain of Endurance
https://www.poewiki.net/images/thumb/4/40/Nevalius_Inheritance_inventory_icon.png/77px-Nevalius_Inheritance_inventory_icon.png,Nevalius Inheritance
https://www.poewiki.net/images/thumb/e/e4/Perandus_Blazon_inventory_icon.png/78px-Perandus_Blazon_inventory_icon.png,Perandus Blazon
https://www.poewiki.net/images/thumb/d/df/The_Magnate_inventory_icon.png/78px-The_Magnate_inventory_icon.png,The Magnate
https://www.poewiki.net/images/thumb/d/de/Faminebind_inventory_icon.png/78px-Faminebind_inventory_icon.png,Faminebind
https://www.poewiki.net/images/thumb/b/ba/Belt_of_the_Deceiver_inventory_icon.png/78px-Belt_of_the_Deceiver_inventory_icon.png,Belt of the Deceiver
https://www.poewiki.net/images/thumb/e/ee/Bated_Breath_inventory_icon.png/78px-Bated_Breath_inventory_icon.png,Bated Breath
https://www.poewiki.net/images/thumb/6/60/Coward%27s_Chains_inventory_icon.png/78px-Coward%27s_Chains_inventory_icon.png,Coward's Chains
https://www.poewiki.net/images/thumb/e/ee/Bated_Breath_inventory_icon.png/78px-Bated_Breath_inventory_icon.png,Bated Breath
https://www.poewiki.net/images/thumb/2/2e/Prismweave_inventory_icon.png/78px-Prismweave_inventory_icon.png,Prismweave
https://www.poewiki.net/images/thumb/2/2e/Prismweave_inventory_icon.png/78px-Prismweave_inventory_icon.png,Prismweave
https://www.poewiki.net/images/thumb/b/b3/Bisco%27s_Leash_inventory_icon.png/78px-Bisco%27s_Leash_inventory_icon.png,Bisco's Leash
https://www.poewiki.net/images/thumb/0/05/Umbilicus_Immortalis_inventory_icon.png/78px-Umbilicus_Immortalis_inventory_icon.png,Umbilicus Immortalis
https://www.poewiki.net/images/thumb/4/4b/Ryslatha%27s_Coil_inventory_icon.png/78px-Ryslatha%27s_Coil_inventory_icon.png,Ryslatha's Coil
https://www.poewiki.net/images/thumb/0/07/Sunblast_inventory_icon.png/78px-Sunblast_inventory_icon.png,Sunblast
https://www.poewiki.net/images/thumb/5/5f/Ceinture_of_Benevolence_inventory_icon.png/77px-Ceinture_of_Benevolence_inventory_icon.png,Ceinture of Benevolence
https://www.poewiki.net/images/thumb/e/ee/Headhunter_inventory_icon.png/78px-Headhunter_inventory_icon.png,Headhunter
https://www.poewiki.net/images/thumb/3/3e/Mother%27s_Embrace_inventory_icon.png/78px-Mother%27s_Embrace_inventory_icon.png,Mother's Embrace
https://www.poewiki.net/images/thumb/e/ee/Headhunter_inventory_icon.png/78px-Headhunter_inventory_icon.png,Headhunter
https://www.poewiki.net/images/thumb/c/cf/Wurm%27s_Molt_inventory_icon.png/78px-Wurm%27s_Molt_inventory_icon.png,Wurm's Molt
https://www.poewiki.net/images/thumb/a/aa/Pyroshock_Clasp_inventory_icon.png/78px-Pyroshock_Clasp_inventory_icon.png,Pyroshock Clasp
https://www.poewiki.net/images/thumb/9/96/Ascent_From_Flesh_inventory_icon.png/78px-Ascent_From_Flesh_inventory_icon.png,Ascent From Flesh
https://www.poewiki.net/images/thumb/c/c0/Mageblood_inventory_icon.png/78px-Mageblood_inventory_icon.png,Mageblood
https://www.poewiki.net/images/thumb/4/4f/Maligaro%27s_Restraint_inventory_icon.png/78px-Maligaro%27s_Restraint_inventory_icon.png,Maligaro's Restraint
https://www.poewiki.net/images/thumb/1/12/Siegebreaker_inventory_icon.png/78px-Siegebreaker_inventory_icon.png,Siegebreaker
https://www.poewiki.net/images/thumb/1/12/Siegebreaker_inventory_icon.png/78px-Siegebreaker_inventory_icon.png,Siegebreaker
https://www.poewiki.net/images/thumb/3/3e/The_Retch_inventory_icon.png/78px-The_Retch_inventory_icon.png,The Retch
https://www.poewiki.net/images/thumb/0/0e/Soulthirst_inventory_icon.png/78px-Soulthirst_inventory_icon.png,Soulthirst
https://www.poewiki.net/images/thumb/4/4a/Gluttony_inventory_icon.png/78px-Gluttony_inventory_icon.png,Gluttony
https://www.poewiki.net/images/thumb/b/b4/Soul_Tether_inventory_icon.png/78px-Soul_Tether_inventory_icon.png,Soul Tether
https://www.poewiki.net/images/thumb/b/b4/Soul_Tether_inventory_icon.png/78px-Soul_Tether_inventory_icon.png,Soul Tether
https://www.poewiki.net/images/thumb/2/26/The_Druggery_inventory_icon.png/78px-The_Druggery_inventory_icon.png,The Druggery
https://www.poewiki.net/images/thumb/a/a6/Bound_Fate_inventory_icon.png/77px-Bound_Fate_inventory_icon.png,Bound Fate
https://www.poewiki.net/images/thumb/7/70/Leash_of_Oblation_inventory_icon.png/78px-Leash_of_Oblation_inventory_icon.png,Leash of Oblation
https://www.poewiki.net/images/thumb/8/80/Immortal_Flesh_inventory_icon.png/78px-Immortal_Flesh_inventory_icon.png,Immortal Flesh
https://www.poewiki.net/images/thumb/a/a4/Coward%27s_Legacy_inventory_icon.png/78px-Coward%27s_Legacy_inventory_icon.png,Coward's Legacy
https://www.poewiki.net/images/thumb/e/e1/Dyadian_Dawn_inventory_icon.png/78px-Dyadian_Dawn_inventory_icon.png,Dyadian Dawn
https://www.poewiki.net/images/thumb/1/16/Survivor%27s_Guilt_inventory_icon.png/78px-Survivor%27s_Guilt_inventory_icon.png,Survivor's Guilt
https://www.poewiki.net/images/thumb/0/03/Hyperboreus_inventory_icon.png/78px-Hyperboreus_inventory_icon.png,Hyperboreus
https://www.poewiki.net/images/thumb/1/13/Kaom%27s_Binding_inventory_icon.png/77px-Kaom%27s_Binding_inventory_icon.png,Kaom's Binding
https://www.poewiki.net/images/thumb/e/e4/The_Flow_Untethered_inventory_icon.png/78px-The_Flow_Untethered_inventory_icon.png,The Flow Untethered
https://www.poewiki.net/images/thumb/d/db/The_Torrent%27s_Reclamation_inventory_icon.png/78px-The_Torrent%27s_Reclamation_inventory_icon.png,The Torrent's Reclamation
https://www.poewiki.net/images/thumb/4/4f/Chains_of_Emancipation_inventory_icon.png/78px-Chains_of_Emancipation_inventory_icon.png,Chains of Emancipation
https://www.poewiki.net/images/thumb/7/7e/Arn%27s_Anguish_inventory_icon.png/78px-Arn%27s_Anguish_inventory_icon.png,Arn's Anguish
https://www.poewiki.net/images/thumb/5/5d/Bear%27s_Girdle_inventory_icon.png/78px-Bear%27s_Girdle_inventory_icon.png,Bear's Girdle
https://www.poewiki.net/images/thumb/4/48/Cyclopean_Coil_inventory_icon.png/78px-Cyclopean_Coil_inventory_icon.png,Cyclopean Coil
https://www.poewiki.net/images/thumb/3/34/Doryani%27s_Invitation_inventory_icon.png/78px-Doryani%27s_Invitation_inventory_icon.png,Doryani's Invitation
https://www.poewiki.net/images/thumb/3/34/Doryani%27s_Invitation_inventory_icon.png/78px-Doryani%27s_Invitation_inventory_icon.png,Doryani's Invitation
https://www.poewiki.net/images/thumb/3/34/Doryani%27s_Invitation_inventory_icon.png/78px-Doryani%27s_Invitation_inventory_icon.png,Doryani's Invitation
https://www.poewiki.net/images/thumb/3/34/Doryani%27s_Invitation_inventory_icon.png/78px-Doryani%27s_Invitation_inventory_icon.png,Doryani's Invitation
https://www.poewiki.net/images/thumb/5/5e/Graven%27s_Secret_inventory_icon.png/78px-Graven%27s_Secret_inventory_icon.png,Graven's Secret
https://www.poewiki.net/images/thumb/a/ac/Olesya%27s_Delight_inventory_icon.png/78px-Olesya%27s_Delight_inventory_icon.png,Olesya's Delight
https://www.poewiki.net/images/thumb/4/42/Perseverance_inventory_icon.png/78px-Perseverance_inventory_icon.png,Perseverance
https://www.poewiki.net/images/thumb/2/2f/The_Tides_of_Time_inventory_icon.png/77px-The_Tides_of_Time_inventory_icon.png,The Tides of Time
https://www.poewiki.net/images/thumb/5/5e/Auxium_inventory_icon.png/78px-Auxium_inventory_icon.png,Auxium
https://www.poewiki.net/images/thumb/8/81/The_Burden_of_Truth_inventory_icon.png/77px-The_Burden_of_Truth_inventory_icon.png,The Burden of Truth
https://www.poewiki.net/images/thumb/b/b8/Blackheart_inventory_icon.png/39px-Blackheart_inventory_icon.png,Blackheart
https://www.poewiki.net/images/thumb/1/1e/Doedre%27s_Damning_inventory_icon.png/39px-Doedre%27s_Damning_inventory_icon.png,Doedre's Damning
https://www.poewiki.net/images/thumb/0/05/Kalandra%27s_Touch_inventory_icon.png/39px-Kalandra%27s_Touch_inventory_icon.png,Kalandra's Touch
https://www.poewiki.net/images/thumb/b/bb/Kaom%27s_Sign_inventory_icon.png/39px-Kaom%27s_Sign_inventory_icon.png,Kaom's Sign
https://www.poewiki.net/images/thumb/1/1f/Perandus_Signet_inventory_icon.png/39px-Perandus_Signet_inventory_icon.png,Perandus Signet
https://www.poewiki.net/images/thumb/1/1e/Doedre%27s_Damning_inventory_icon.png/39px-Doedre%27s_Damning_inventory_icon.png,Doedre's Damning
https://www.poewiki.net/images/thumb/7/70/Malachai%27s_Artifice_inventory_icon.png/39px-Malachai%27s_Artifice_inventory_icon.png,Malachai's Artifice
https://www.poewiki.net/images/thumb/7/70/Malachai%27s_Artifice_inventory_icon.png/39px-Malachai%27s_Artifice_inventory_icon.png,Malachai's Artifice
https://www.poewiki.net/images/thumb/9/9c/Pyre_inventory_icon.png/39px-Pyre_inventory_icon.png,Pyre
https://www.poewiki.net/images/thumb/6/61/Call_of_the_Void_inventory_icon.png/39px-Call_of_the_Void_inventory_icon.png,Call of the Void
https://www.poewiki.net/images/thumb/e/eb/Emberwake_inventory_icon.png/39px-Emberwake_inventory_icon.png,Emberwake
https://www.poewiki.net/images/thumb/f/f4/Mokou%27s_Embrace_inventory_icon.png/39px-Mokou%27s_Embrace_inventory_icon.png,Mokou's Embrace
https://www.poewiki.net/images/thumb/e/eb/Emberwake_inventory_icon.png/39px-Emberwake_inventory_icon.png,Emberwake
https://www.poewiki.net/images/thumb/5/59/Andvarius_inventory_icon.png/39px-Andvarius_inventory_icon.png,Andvarius
https://www.poewiki.net/images/thumb/5/56/Berek%27s_Grip_inventory_icon.png/39px-Berek%27s_Grip_inventory_icon.png,Berek's Grip
https://www.poewiki.net/images/thumb/e/e9/Berek%27s_Pass_inventory_icon.png/39px-Berek%27s_Pass_inventory_icon.png,Berek's Pass
https://www.poewiki.net/images/thumb/a/ab/Berek%27s_Respite_inventory_icon.png/39px-Berek%27s_Respite_inventory_icon.png,Berek's Respite
https://www.poewiki.net/images/thumb/9/9e/Call_of_the_Brotherhood_inventory_icon.png/39px-Call_of_the_Brotherhood_inventory_icon.png,Call of the Brotherhood
https://www.poewiki.net/images/thumb/0/04/Grattus_Signet_inventory_icon.png/39px-Grattus_Signet_inventory_icon.png,Grattus Signet
https://www.poewiki.net/images/thumb/6/6c/Heartbound_Loop_inventory_icon.png/39px-Heartbound_Loop_inventory_icon.png,Heartbound Loop
https://www.poewiki.net/images/thumb/6/6a/Ixchel%27s_Temptation_inventory_icon.png/39px-Ixchel%27s_Temptation_inventory_icon.png,Ixchel's Temptation
https://www.poewiki.net/images/thumb/3/3f/Kikazaru_inventory_icon.png/39px-Kikazaru_inventory_icon.png,Kikazaru
https://www.poewiki.net/images/thumb/4/41/Tasalio%27s_Sign_inventory_icon.png/39px-Tasalio%27s_Sign_inventory_icon.png,Tasalio's Sign
https://www.poewiki.net/images/thumb/e/e5/Rigwald%27s_Crest_inventory_icon.png/39px-Rigwald%27s_Crest_inventory_icon.png,Rigwald's Crest
https://www.poewiki.net/images/thumb/4/41/Tasalio%27s_Sign_inventory_icon.png/39px-Tasalio%27s_Sign_inventory_icon.png,Tasalio's Sign
https://www.poewiki.net/images/thumb/9/96/Praxis_inventory_icon.png/39px-Praxis_inventory_icon.png,Praxis
https://www.poewiki.net/images/thumb/2/24/Dream_Fragments_inventory_icon.png/39px-Dream_Fragments_inventory_icon.png,Dream Fragments
https://www.poewiki.net/images/thumb/4/4e/Le_Heup_of_All_inventory_icon.png/39px-Le_Heup_of_All_inventory_icon.png,Le Heup of All
https://www.poewiki.net/images/thumb/9/93/Mark_of_Submission_inventory_icon.png/39px-Mark_of_Submission_inventory_icon.png,Mark of Submission
https://www.poewiki.net/images/thumb/3/30/Winterweave_inventory_icon.png/39px-Winterweave_inventory_icon.png,Winterweave
https://www.poewiki.net/images/thumb/1/15/Timeclasp_inventory_icon.png/39px-Timeclasp_inventory_icon.png,Timeclasp
https://www.poewiki.net/images/thumb/6/68/Gifts_from_Above_inventory_icon.png/39px-Gifts_from_Above_inventory_icon.png,Gifts from Above
https://www.poewiki.net/images/thumb/4/42/Ngamahu%27s_Sign_inventory_icon.png/39px-Ngamahu%27s_Sign_inventory_icon.png,Ngamahu's Sign
https://www.poewiki.net/images/thumb/6/6a/Death_Rush_inventory_icon.png/39px-Death_Rush_inventory_icon.png,Death Rush
https://www.poewiki.net/images/thumb/a/ae/Lori%27s_Lantern_inventory_icon.png/39px-Lori%27s_Lantern_inventory_icon.png,Lori's Lantern
https://www.poewiki.net/images/thumb/5/5f/Shavronne%27s_Revelation_inventory_icon.png/39px-Shavronne%27s_Revelation_inventory_icon.png,Shavronne's Revelation
https://www.poewiki.net/images/thumb/5/59/The_Taming_inventory_icon.png/39px-The_Taming_inventory_icon.png,The Taming
https://www.poewiki.net/images/thumb/2/2f/The_Warden%27s_Brand_inventory_icon.png/39px-The_Warden%27s_Brand_inventory_icon.png,The Warden's Brand
https://www.poewiki.net/images/thumb/3/36/Thief%27s_Torment_inventory_icon.png/39px-Thief%27s_Torment_inventory_icon.png,Thief's Torment
https://www.poewiki.net/images/thumb/c/c5/Angler%27s_Plait_inventory_icon.png/39px-Angler%27s_Plait_inventory_icon.png,Angler's Plait
https://www.poewiki.net/images/thumb/4/41/Essence_Worm_inventory_icon.png/39px-Essence_Worm_inventory_icon.png,Essence Worm
https://www.poewiki.net/images/thumb/4/41/Fated_End_inventory_icon.png/39px-Fated_End_inventory_icon.png,Fated End
https://www.poewiki.net/images/thumb/a/a4/Valako%27s_Sign_inventory_icon.png/39px-Valako%27s_Sign_inventory_icon.png,Valako's Sign
https://www.poewiki.net/images/thumb/f/fe/Valyrium_inventory_icon.png/39px-Valyrium_inventory_icon.png,Valyrium
https://www.poewiki.net/images/thumb/f/f1/Astral_Projector_inventory_icon.png/39px-Astral_Projector_inventory_icon.png,Astral Projector
https://www.poewiki.net/images/thumb/b/b9/Warrior%27s_Legacy_inventory_icon.png/39px-Warrior%27s_Legacy_inventory_icon.png,Warrior's Legacy
https://www.poewiki.net/images/thumb/f/f0/Brinerot_Mark_inventory_icon.png/39px-Brinerot_Mark_inventory_icon.png,Brinerot Mark
https://www.poewiki.net/images/thumb/7/79/Mutewind_Seal_inventory_icon.png/39px-Mutewind_Seal_inventory_icon.png,Mutewind Seal
https://www.poewiki.net/images/thumb/0/00/Redblade_Band_inventory_icon.png/39px-Redblade_Band_inventory_icon.png,Redblade Band
https://www.poewiki.net/images/thumb/7/76/Soulbound_inventory_icon.png/39px-Soulbound_inventory_icon.png,Soulbound
https://www.poewiki.net/images/thumb/4/48/Tawhanuku%27s_Timing_inventory_icon.png/39px-Tawhanuku%27s_Timing_inventory_icon.png,Tawhanuku's Timing
https://www.poewiki.net/images/thumb/a/ab/The_Highwayman_inventory_icon.png/39px-The_Highwayman_inventory_icon.png,The Highwayman
https://www.poewiki.net/images/thumb/d/d4/Voideye_inventory_icon.png/39px-Voideye_inventory_icon.png,Voideye
https://www.poewiki.net/images/thumb/e/ed/Sibyl%27s_Lament_inventory_icon.png/39px-Sibyl%27s_Lament_inventory_icon.png,Sibyl's Lament
https://www.poewiki.net/images/thumb/f/f4/Vivinsect_inventory_icon.png/39px-Vivinsect_inventory_icon.png,Vivinsect
https://www.poewiki.net/images/thumb/d/d4/Voideye_inventory_icon.png/39px-Voideye_inventory_icon.png,Voideye
https://www.poewiki.net/images/thumb/4/4e/Nimis_inventory_icon.png/39px-Nimis_inventory_icon.png,Nimis
https://www.poewiki.net/images/thumb/1/1b/Ahkeli%27s_Meadow_inventory_icon.png/39px-Ahkeli%27s_Meadow_inventory_icon.png,Ahkeli's Meadow
https://www.poewiki.net/images/thumb/d/d6/Ahkeli%27s_Mountain_inventory_icon.png/39px-Ahkeli%27s_Mountain_inventory_icon.png,Ahkeli's Mountain
https://www.poewiki.net/images/thumb/d/d2/Ahkeli%27s_Valley_inventory_icon.png/39px-Ahkeli%27s_Valley_inventory_icon.png,Ahkeli's Valley
https://www.poewiki.net/images/thumb/1/1f/Anathema_inventory_icon.png/39px-Anathema_inventory_icon.png,Anathema
https://www.poewiki.net/images/thumb/a/af/Blackflame_inventory_icon.png/39px-Blackflame_inventory_icon.png,Blackflame
https://www.poewiki.net/images/thumb/2/2b/Icefang_Orbit_inventory_icon.png/39px-Icefang_Orbit_inventory_icon.png,Icefang Orbit
https://www.poewiki.net/images/thumb/e/ed/Precursor%27s_Emblem_%28Endurance_and_Frenzy_Charge%29_inventory_icon.png/39px-Precursor%27s_Emblem_%28Endurance_and_Frenzy_Charge%29_inventory_icon.png,Precursor's Emblem (Endurance and Frenzy Charge)
https://www.poewiki.net/images/thumb/a/ad/Precursor%27s_Emblem_%28Endurance_and_Power_Charge%29_inventory_icon.png/39px-Precursor%27s_Emblem_%28Endurance_and_Power_Charge%29_inventory_icon.png,Precursor's Emblem (Endurance and Power Charge)
https://www.poewiki.net/images/thumb/d/d1/Precursor%27s_Emblem_%28Endurance_Charge%29_inventory_icon.png/39px-Precursor%27s_Emblem_%28Endurance_Charge%29_inventory_icon.png,Precursor's Emblem (Endurance Charge)
https://www.poewiki.net/images/thumb/d/d7/Precursor%27s_Emblem_%28Endurance%2C_Frenzy_and_Power_Charge%29_inventory_icon.png/39px-Precursor%27s_Emblem_%28Endurance%2C_Frenzy_and_Power_Charge%29_inventory_icon.png,"Precursor's Emblem (Endurance, Frenzy and Power Charge)"
https://www.poewiki.net/images/thumb/c/c7/Precursor%27s_Emblem_%28Frenzy_and_Power_Charge%29_inventory_icon.png/39px-Precursor%27s_Emblem_%28Frenzy_and_Power_Charge%29_inventory_icon.png,Precursor's Emblem (Frenzy and Power Charge)
https://www.poewiki.net/images/thumb/2/2b/Precursor%27s_Emblem_%28Frenzy_Charge%29_inventory_icon.png/39px-Precursor%27s_Emblem_%28Frenzy_Charge%29_inventory_icon.png,Precursor's Emblem (Frenzy Charge)
https://www.poewiki.net/images/thumb/4/43/Precursor%27s_Emblem_%28Power_Charge%29_inventory_icon.png/39px-Precursor%27s_Emblem_%28Power_Charge%29_inventory_icon.png,Precursor's Emblem (Power Charge)
https://www.poewiki.net/images/thumb/1/1c/Putembo%27s_Meadow_inventory_icon.png/39px-Putembo%27s_Meadow_inventory_icon.png,Putembo's Meadow
https://www.poewiki.net/images/thumb/e/ec/Putembo%27s_Mountain_inventory_icon.png/39px-Putembo%27s_Mountain_inventory_icon.png,Putembo's Mountain
https://www.poewiki.net/images/thumb/8/8e/Putembo%27s_Valley_inventory_icon.png/39px-Putembo%27s_Valley_inventory_icon.png,Putembo's Valley
https://www.poewiki.net/images/thumb/8/87/Uzaza%27s_Meadow_inventory_icon.png/39px-Uzaza%27s_Meadow_inventory_icon.png,Uzaza's Meadow
https://www.poewiki.net/images/thumb/f/f9/Uzaza%27s_Mountain_inventory_icon.png/39px-Uzaza%27s_Mountain_inventory_icon.png,Uzaza's Mountain
https://www.poewiki.net/images/thumb/7/7d/Uzaza%27s_Valley_inventory_icon.png/39px-Uzaza%27s_Valley_inventory_icon.png,Uzaza's Valley
https://www.poewiki.net/images/thumb/3/33/Venopuncture_inventory_icon.png/39px-Venopuncture_inventory_icon.png,Venopuncture
https://www.poewiki.net/images/thumb/c/c3/Circle_of_Anguish_inventory_icon.png/39px-Circle_of_Anguish_inventory_icon.png,Circle of Anguish
https://www.poewiki.net/images/thumb/7/79/Circle_of_Fear_inventory_icon.png/39px-Circle_of_Fear_inventory_icon.png,Circle of Fear
https://www.poewiki.net/images/thumb/5/57/Circle_of_Guilt_inventory_icon.png/39px-Circle_of_Guilt_inventory_icon.png,Circle of Guilt
https://www.poewiki.net/images/thumb/f/f4/Circle_of_Nostalgia_inventory_icon.png/39px-Circle_of_Nostalgia_inventory_icon.png,Circle of Nostalgia
https://www.poewiki.net/images/thumb/4/42/Circle_of_Regret_inventory_icon.png/39px-Circle_of_Regret_inventory_icon.png,Circle of Regret
https://www.poewiki.net/images/thumb/9/90/Original_Sin_inventory_icon.png/39px-Original_Sin_inventory_icon.png,Original Sin
https://www.poewiki.net/images/thumb/a/a3/Profane_Proxy_inventory_icon.png/39px-Profane_Proxy_inventory_icon.png,Profane Proxy
https://www.poewiki.net/images/thumb/0/03/Rotblood_Promise_inventory_icon.png/39px-Rotblood_Promise_inventory_icon.png,Rotblood Promise
https://www.poewiki.net/images/thumb/a/af/Storm_Secret_inventory_icon.png/39px-Storm_Secret_inventory_icon.png,Storm Secret
https://www.poewiki.net/images/thumb/9/94/Romira%27s_Banquet_inventory_icon.png/39px-Romira%27s_Banquet_inventory_icon.png,Romira's Banquet
https://www.poewiki.net/images/thumb/e/e7/The_Pariah_inventory_icon.png/39px-The_Pariah_inventory_icon.png,The Pariah
https://www.poewiki.net/images/thumb/5/55/Circle_of_Ambition_inventory_icon.png/39px-Circle_of_Ambition_inventory_icon.png,Circle of Ambition
https://www.poewiki.net/images/thumb/2/22/Triumvirate_Authority_inventory_icon.png/39px-Triumvirate_Authority_inventory_icon.png,Triumvirate Authority
https://www.poewiki.net/images/thumb/2/22/Triumvirate_Authority_inventory_icon.png/39px-Triumvirate_Authority_inventory_icon.png,Triumvirate Authority
https://www.poewiki.net/images/thumb/4/47/Ventor%27s_Gamble_inventory_icon.png/39px-Ventor%27s_Gamble_inventory_icon.png,Ventor's Gamble
https://www.poewiki.net/images/thumb/a/a5/Snakepit_inventory_icon.png/39px-Snakepit_inventory_icon.png,Snakepit
https://www.poewiki.net/images/thumb/4/48/Ming%27s_Heart_inventory_icon.png/39px-Ming%27s_Heart_inventory_icon.png,Ming's Heart
https://www.poewiki.net/images/thumb/4/4d/The_Hungry_Loop_inventory_icon.png/39px-The_Hungry_Loop_inventory_icon.png,The Hungry Loop
https://www.poewiki.net/images/thumb/a/aa/Mark_of_the_Elder_inventory_icon.png/39px-Mark_of_the_Elder_inventory_icon.png,Mark of the Elder
https://www.poewiki.net/images/thumb/b/b8/Mark_of_the_Shaper_inventory_icon.png/39px-Mark_of_the_Shaper_inventory_icon.png,Mark of the Shaper
https://www.poewiki.net/images/thumb/8/8a/Polaric_Devastation_inventory_icon.png/39px-Polaric_Devastation_inventory_icon.png,Polaric Devastation
https://www.poewiki.net/images/thumb/2/2e/Stormfire_inventory_icon.png/39px-Stormfire_inventory_icon.png,Stormfire
https://www.poewiki.net/images/thumb/f/fa/Band_of_the_Victor_inventory_icon.png/39px-Band_of_the_Victor_inventory_icon.png,Band of the Victor
https://www.poewiki.net/images/thumb/c/c3/Circle_of_Anguish_inventory_icon.png/39px-Circle_of_Anguish_inventory_icon.png,Circle of Anguish
https://www.poewiki.net/images/thumb/7/79/Circle_of_Fear_inventory_icon.png/39px-Circle_of_Fear_inventory_icon.png,Circle of Fear
https://www.poewiki.net/images/thumb/5/57/Circle_of_Guilt_inventory_icon.png/39px-Circle_of_Guilt_inventory_icon.png,Circle of Guilt
https://www.poewiki.net/images/thumb/f/f4/Circle_of_Nostalgia_inventory_icon.png/39px-Circle_of_Nostalgia_inventory_icon.png,Circle of Nostalgia
https://www.poewiki.net/images/thumb/4/42/Circle_of_Regret_inventory_icon.png/39px-Circle_of_Regret_inventory_icon.png,Circle of Regret
https://www.poewiki.net/images/thumb/1/1a/Demigod%27s_Eye_inventory_icon.png/39px-Demigod%27s_Eye_inventory_icon.png,Demigod's Eye
https://www.poewiki.net/images/thumb/b/bb/Kaom%27s_Sign_inventory_icon.png/39px-Kaom%27s_Sign_inventory_icon.png,Kaom's Sign
https://www.poewiki.net/images/thumb/1/15/Timeclasp_inventory_icon.png/39px-Timeclasp_inventory_icon.png,Timeclasp
https://www.poewiki.net/images/thumb/b/b8/Blackheart_inventory_icon.png/39px-Blackheart_inventory_icon.png,Blackheart
https://www.poewiki.net/images/thumb/3/30/Winterweave_inventory_icon.png/39px-Winterweave_inventory_icon.png,Winterweave
https://www.poewiki.net/images/thumb/2/23/Honoured_Alliance_inventory_icon.png/39px-Honoured_Alliance_inventory_icon.png,Honoured Alliance
