ID,Urls,Names
1,https://www.poewiki.net/images/thumb/5/5a/Araku_Tiki_inventory_icon.png/39px-Araku_Tiki_inventory_icon.png,Araku Tiki
2,https://www.poewiki.net/images/thumb/4/46/Sidhebreath_inventory_icon.png/39px-Sidhebreath_inventory_icon.png,Sidhebreath
3,https://www.poewiki.net/images/thumb/b/b1/Blood_of_Corruption_inventory_icon.png/39px-Blood_of_Corruption_inventory_icon.png,Blood of Corruption
4,https://www.poewiki.net/images/thumb/8/8a/Karui_Ward_inventory_icon.png/39px-Karui_Ward_inventory_icon.png,Karui Ward
5,https://www.poewiki.net/images/thumb/8/8a/Karui_Ward_inventory_icon.png/39px-Karui_Ward_inventory_icon.png,Karui Ward
6,https://www.poewiki.net/images/thumb/5/52/Stone_of_Lazhwar_inventory_icon.png/39px-Stone_of_Lazhwar_inventory_icon.png,Stone of Lazhwar
7,https://www.poewiki.net/images/thumb/3/3a/Tear_of_Purity_inventory_icon.png/39px-Tear_of_Purity_inventory_icon.png,Tear of Purity
8,https://www.poewiki.net/images/thumb/2/2e/Xoph%27s_Heart_inventory_icon.png/39px-Xoph%27s_Heart_inventory_icon.png,Xoph's Heart
9,https://www.poewiki.net/images/thumb/c/c5/The_Ascetic_inventory_icon.png/39px-The_Ascetic_inventory_icon.png,The Ascetic
10,https://www.poewiki.net/images/thumb/3/3e/The_Ignomon_inventory_icon.png/39px-The_Ignomon_inventory_icon.png,The Ignomon
11,https://www.poewiki.net/images/thumb/a/ac/Night%27s_Hold_inventory_icon.png/39px-Night%27s_Hold_inventory_icon.png,Night's Hold
12,https://www.poewiki.net/images/thumb/0/0a/Atziri%27s_Foible_inventory_icon.png/39px-Atziri%27s_Foible_inventory_icon.png,Atziri's Foible
13,https://www.poewiki.net/images/thumb/7/77/Daresso%27s_Salute_inventory_icon.png/39px-Daresso%27s_Salute_inventory_icon.png,Daresso's Salute
14,https://www.poewiki.net/images/thumb/4/40/Extractor_Mentis_inventory_icon.png/39px-Extractor_Mentis_inventory_icon.png,Extractor Mentis
15,https://www.poewiki.net/images/thumb/0/0a/Atziri%27s_Foible_inventory_icon.png/39px-Atziri%27s_Foible_inventory_icon.png,Atziri's Foible
16,https://www.poewiki.net/images/thumb/e/e2/Retaliation_Charm_inventory_icon.png/39px-Retaliation_Charm_inventory_icon.png,Retaliation Charm
17,https://www.poewiki.net/images/thumb/3/33/Shaper%27s_Seed_inventory_icon.png/39px-Shaper%27s_Seed_inventory_icon.png,Shaper's Seed
18,https://www.poewiki.net/images/thumb/1/15/Victario%27s_Acuity_inventory_icon.png/39px-Victario%27s_Acuity_inventory_icon.png,Victario's Acuity
19,https://www.poewiki.net/images/thumb/9/9f/Astramentis_inventory_icon.png/39px-Astramentis_inventory_icon.png,Astramentis
20,https://www.poewiki.net/images/thumb/c/ca/Carnage_Heart_inventory_icon.png/39px-Carnage_Heart_inventory_icon.png,Carnage Heart
21,https://www.poewiki.net/images/thumb/f/fd/Eye_of_Chayula_inventory_icon.png/39px-Eye_of_Chayula_inventory_icon.png,Eye of Chayula
22,https://www.poewiki.net/images/thumb/c/cd/Maligaro%27s_Cruelty_inventory_icon.png/39px-Maligaro%27s_Cruelty_inventory_icon.png,Maligaro's Cruelty
23,https://www.poewiki.net/images/thumb/8/84/Ungil%27s_Harmony_inventory_icon.png/39px-Ungil%27s_Harmony_inventory_icon.png,Ungil's Harmony
24,https://www.poewiki.net/images/thumb/4/4d/Doedre%27s_Tongue_inventory_icon.png/39px-Doedre%27s_Tongue_inventory_icon.png,Doedre's Tongue
25,https://www.poewiki.net/images/thumb/d/d7/Blightwell_inventory_icon.png/39px-Blightwell_inventory_icon.png,Blightwell
26,https://www.poewiki.net/images/thumb/1/10/Rigwald%27s_Curse_inventory_icon.png/39px-Rigwald%27s_Curse_inventory_icon.png,Rigwald's Curse
27,https://www.poewiki.net/images/thumb/b/bf/Star_of_Wraeclast_inventory_icon.png/39px-Star_of_Wraeclast_inventory_icon.png,Star of Wraeclast
28,https://www.poewiki.net/images/thumb/9/9e/Perquil%27s_Toe_inventory_icon.png/39px-Perquil%27s_Toe_inventory_icon.png,Perquil's Toe
29,https://www.poewiki.net/images/thumb/1/10/Bisco%27s_Collar_inventory_icon.png/39px-Bisco%27s_Collar_inventory_icon.png,Bisco's Collar
30,https://www.poewiki.net/images/thumb/e/e9/Ikiaho%27s_Promise_inventory_icon.png/39px-Ikiaho%27s_Promise_inventory_icon.png,Ikiaho's Promise
31,https://www.poewiki.net/images/thumb/0/08/Sacrificial_Heart_inventory_icon.png/39px-Sacrificial_Heart_inventory_icon.png,Sacrificial Heart
32,https://www.poewiki.net/images/thumb/1/12/The_Aylardex_inventory_icon.png/39px-The_Aylardex_inventory_icon.png,The Aylardex
33,https://www.poewiki.net/images/thumb/b/b0/Voll%27s_Devotion_inventory_icon.png/39px-Voll%27s_Devotion_inventory_icon.png,Voll's Devotion
34,https://www.poewiki.net/images/thumb/9/9b/The_Primordial_Chain_inventory_icon.png/39px-The_Primordial_Chain_inventory_icon.png,The Primordial Chain
35,https://www.poewiki.net/images/thumb/2/24/The_Halcyon_inventory_icon.png/39px-The_Halcyon_inventory_icon.png,The Halcyon
36,https://www.poewiki.net/images/thumb/c/cb/Fury_Valve_inventory_icon.png/39px-Fury_Valve_inventory_icon.png,Fury Valve
37,https://www.poewiki.net/images/thumb/2/28/Marylene%27s_Fallacy_inventory_icon.png/39px-Marylene%27s_Fallacy_inventory_icon.png,Marylene's Fallacy
38,https://www.poewiki.net/images/thumb/9/97/The_Utmost_inventory_icon.png/39px-The_Utmost_inventory_icon.png,The Utmost
39,https://www.poewiki.net/images/thumb/9/9a/Winterheart_inventory_icon.png/39px-Winterheart_inventory_icon.png,Winterheart
40,https://www.poewiki.net/images/thumb/b/b9/Tainted_Pact_inventory_icon.png/39px-Tainted_Pact_inventory_icon.png,Tainted Pact
41,https://www.poewiki.net/images/thumb/9/9a/Winterheart_inventory_icon.png/39px-Winterheart_inventory_icon.png,Winterheart
42,https://www.poewiki.net/images/thumb/b/bd/Hinekora%27s_Sight_inventory_icon.png/39px-Hinekora%27s_Sight_inventory_icon.png,Hinekora's Sight
43,https://www.poewiki.net/images/thumb/b/b9/Natural_Hierarchy_inventory_icon.png/39px-Natural_Hierarchy_inventory_icon.png,Natural Hierarchy
44,https://www.poewiki.net/images/thumb/b/bd/Hinekora%27s_Sight_inventory_icon.png/39px-Hinekora%27s_Sight_inventory_icon.png,Hinekora's Sight
45,https://www.poewiki.net/images/thumb/1/1d/The_Anvil_inventory_icon.png/39px-The_Anvil_inventory_icon.png,The Anvil
46,https://www.poewiki.net/images/thumb/1/10/Rashkaldor%27s_Patience_inventory_icon.png/39px-Rashkaldor%27s_Patience_inventory_icon.png,Rashkaldor's Patience
47,https://www.poewiki.net/images/thumb/c/c9/The_Jinxed_Juju_inventory_icon.png/39px-The_Jinxed_Juju_inventory_icon.png,The Jinxed Juju
48,https://www.poewiki.net/images/thumb/a/a4/The_Untouched_Soul_inventory_icon.png/39px-The_Untouched_Soul_inventory_icon.png,The Untouched Soul
49,https://www.poewiki.net/images/thumb/c/cc/Bloodsoaked_Medallion_inventory_icon.png/39px-Bloodsoaked_Medallion_inventory_icon.png,Bloodsoaked Medallion
50,https://www.poewiki.net/images/thumb/9/9b/Defiance_of_Destiny_inventory_icon.png/39px-Defiance_of_Destiny_inventory_icon.png,Defiance of Destiny
51,https://www.poewiki.net/images/thumb/9/96/Warped_Timepiece_inventory_icon.png/39px-Warped_Timepiece_inventory_icon.png,Warped Timepiece
52,https://www.poewiki.net/images/thumb/5/59/Eternal_Damnation_inventory_icon.png/39px-Eternal_Damnation_inventory_icon.png,Eternal Damnation
53,https://www.poewiki.net/images/thumb/4/40/Eyes_of_the_Greatwolf_inventory_icon.png/39px-Eyes_of_the_Greatwolf_inventory_icon.png,Eyes of the Greatwolf
54,https://www.poewiki.net/images/thumb/5/5a/Stranglegasp_inventory_icon.png/39px-Stranglegasp_inventory_icon.png,Stranglegasp
55,https://www.poewiki.net/images/thumb/1/1f/Willowgift_inventory_icon.png/39px-Willowgift_inventory_icon.png,Willowgift
56,https://www.poewiki.net/images/thumb/a/af/Tavukai_inventory_icon.png/39px-Tavukai_inventory_icon.png,Tavukai
57,https://www.poewiki.net/images/thumb/a/ae/Aul%27s_Uprising_inventory_icon.png/39px-Aul%27s_Uprising_inventory_icon.png,Aul's Uprising
58,https://www.poewiki.net/images/thumb/a/ae/Aul%27s_Uprising_inventory_icon.png/39px-Aul%27s_Uprising_inventory_icon.png,Aul's Uprising
59,https://www.poewiki.net/images/thumb/a/ae/Aul%27s_Uprising_inventory_icon.png/39px-Aul%27s_Uprising_inventory_icon.png,Aul's Uprising
60,https://www.poewiki.net/images/thumb/a/ae/Aul%27s_Uprising_inventory_icon.png/39px-Aul%27s_Uprising_inventory_icon.png,Aul's Uprising
61,https://www.poewiki.net/images/thumb/5/5a/Replica_Dragonfang%27s_Flight_inventory_icon.png/39px-Replica_Dragonfang%27s_Flight_inventory_icon.png,Replica Dragonfang's Flight
62,https://www.poewiki.net/images/thumb/4/4e/Ashes_of_the_Stars_inventory_icon.png/39px-Ashes_of_the_Stars_inventory_icon.png,Ashes of the Stars
63,https://www.poewiki.net/images/thumb/5/5c/Badge_of_the_Brotherhood_inventory_icon.png/39px-Badge_of_the_Brotherhood_inventory_icon.png,Badge of the Brotherhood
64,https://www.poewiki.net/images/thumb/e/ef/Presence_of_Chayula_inventory_icon.png/39px-Presence_of_Chayula_inventory_icon.png,Presence of Chayula
65,https://www.poewiki.net/images/thumb/5/5c/Badge_of_the_Brotherhood_inventory_icon.png/39px-Badge_of_the_Brotherhood_inventory_icon.png,Badge of the Brotherhood
66,https://www.poewiki.net/images/thumb/9/9b/Crystallised_Omniscience_inventory_icon.png/39px-Crystallised_Omniscience_inventory_icon.png,Crystallised Omniscience
67,https://www.poewiki.net/images/thumb/5/5b/The_Eternal_Struggle_inventory_icon.png/39px-The_Eternal_Struggle_inventory_icon.png,The Eternal Struggle
68,https://www.poewiki.net/images/thumb/5/5f/The_Felbog_Fang_inventory_icon.png/39px-The_Felbog_Fang_inventory_icon.png,The Felbog Fang
69,https://www.poewiki.net/images/thumb/6/67/Hyrri%27s_Truth_inventory_icon.png/39px-Hyrri%27s_Truth_inventory_icon.png,Hyrri's Truth
70,https://www.poewiki.net/images/thumb/e/e9/Impresence_%28Cold%29_inventory_icon.png/39px-Impresence_%28Cold%29_inventory_icon.png,Impresence (Cold)
71,https://www.poewiki.net/images/thumb/4/47/Impresence_%28Physical%29_inventory_icon.png/39px-Impresence_%28Physical%29_inventory_icon.png,Impresence (Physical)
72,https://www.poewiki.net/images/thumb/e/ec/Impresence_%28Fire%29_inventory_icon.png/39px-Impresence_%28Fire%29_inventory_icon.png,Impresence (Fire)
73,https://www.poewiki.net/images/thumb/5/53/Impresence_%28Chaos%29_inventory_icon.png/39px-Impresence_%28Chaos%29_inventory_icon.png,Impresence (Chaos)
74,https://www.poewiki.net/images/thumb/5/53/Impresence_%28Chaos%29_inventory_icon.png/39px-Impresence_%28Chaos%29_inventory_icon.png,Impresence (Chaos)
75,https://www.poewiki.net/images/thumb/e/e9/Impresence_%28Cold%29_inventory_icon.png/39px-Impresence_%28Cold%29_inventory_icon.png,Impresence (Cold)
76,https://www.poewiki.net/images/thumb/e/ec/Impresence_%28Fire%29_inventory_icon.png/39px-Impresence_%28Fire%29_inventory_icon.png,Impresence (Fire)
77,https://www.poewiki.net/images/thumb/0/07/Impresence_%28Lightning%29_inventory_icon.png/39px-Impresence_%28Lightning%29_inventory_icon.png,Impresence (Lightning)
78,https://www.poewiki.net/images/thumb/0/07/Impresence_%28Lightning%29_inventory_icon.png/39px-Impresence_%28Lightning%29_inventory_icon.png,Impresence (Lightning)
79,https://www.poewiki.net/images/thumb/4/47/Impresence_%28Physical%29_inventory_icon.png/39px-Impresence_%28Physical%29_inventory_icon.png,Impresence (Physical)
80,https://www.poewiki.net/images/thumb/6/67/Hyrri%27s_Truth_inventory_icon.png/39px-Hyrri%27s_Truth_inventory_icon.png,Hyrri's Truth
81,https://www.poewiki.net/images/thumb/8/8c/Solstice_Vigil_inventory_icon.png/39px-Solstice_Vigil_inventory_icon.png,Solstice Vigil
82,https://www.poewiki.net/images/thumb/6/6f/The_Pandemonius_inventory_icon.png/39px-The_Pandemonius_inventory_icon.png,The Pandemonius
83,https://www.poewiki.net/images/thumb/1/1d/Xoph%27s_Blood_inventory_icon.png/39px-Xoph%27s_Blood_inventory_icon.png,Xoph's Blood
84,https://www.poewiki.net/images/thumb/9/9c/Eye_of_Innocence_inventory_icon.png/39px-Eye_of_Innocence_inventory_icon.png,Eye of Innocence
85,https://www.poewiki.net/images/thumb/2/2d/Leadership%27s_Price_inventory_icon.png/39px-Leadership%27s_Price_inventory_icon.png,Leadership's Price
86,https://www.poewiki.net/images/thumb/2/25/The_Ephemeral_Bond_inventory_icon.png/39px-The_Ephemeral_Bond_inventory_icon.png,The Ephemeral Bond
87,https://www.poewiki.net/images/thumb/a/a7/Choir_of_the_Storm_inventory_icon.png/39px-Choir_of_the_Storm_inventory_icon.png,Choir of the Storm
88,https://www.poewiki.net/images/thumb/c/c2/Voice_of_the_Storm_inventory_icon.png/39px-Voice_of_the_Storm_inventory_icon.png,Voice of the Storm
89,https://www.poewiki.net/images/thumb/0/0c/Yoke_of_Suffering_inventory_icon.png/39px-Yoke_of_Suffering_inventory_icon.png,Yoke of Suffering
90,https://www.poewiki.net/images/thumb/2/2c/Zerphi%27s_Heart_inventory_icon.png/39px-Zerphi%27s_Heart_inventory_icon.png,Zerphi's Heart
91,https://www.poewiki.net/images/thumb/9/9c/Uul-Netol%27s_Vow_inventory_icon.png/39px-Uul-Netol%27s_Vow_inventory_icon.png,Uul-Netol's Vow
92,https://www.poewiki.net/images/thumb/4/45/Bloodgrip_inventory_icon.png/39px-Bloodgrip_inventory_icon.png,Bloodgrip
93,https://www.poewiki.net/images/thumb/3/3a/Gloomfang_inventory_icon.png/39px-Gloomfang_inventory_icon.png,Gloomfang
94,https://www.poewiki.net/images/thumb/7/72/Demigod%27s_Presence_inventory_icon.png/39px-Demigod%27s_Presence_inventory_icon.png,Demigod's Presence
95,https://www.poewiki.net/images/thumb/8/8a/Karui_Ward_inventory_icon.png/39px-Karui_Ward_inventory_icon.png,Karui Ward
96,https://www.poewiki.net/images/thumb/5/5a/Araku_Tiki_inventory_icon.png/39px-Araku_Tiki_inventory_icon.png,Araku Tiki
97,https://www.poewiki.net/images/thumb/1/11/Talisman_of_the_Victor_inventory_icon.png/39px-Talisman_of_the_Victor_inventory_icon.png,Talisman of the Victor
98,https://www.poewiki.net/images/thumb/3/3e/The_Ignomon_inventory_icon.png/39px-The_Ignomon_inventory_icon.png,The Ignomon
99,https://www.poewiki.net/images/thumb/7/73/Darkness_Enthroned_inventory_icon.png/78px-Darkness_Enthroned_inventory_icon.png,Darkness Enthroned
100,https://www.poewiki.net/images/thumb/f/fe/String_of_Servitude_inventory_icon.png/78px-String_of_Servitude_inventory_icon.png,String of Servitude
101,https://www.poewiki.net/images/thumb/d/d9/Meginord%27s_Girdle_inventory_icon.png/78px-Meginord%27s_Girdle_inventory_icon.png,Meginord's Girdle
102,https://www.poewiki.net/images/thumb/2/2a/Feastbind_inventory_icon.png/78px-Feastbind_inventory_icon.png,Feastbind
103,https://www.poewiki.net/images/thumb/0/0c/Chain_of_Endurance_inventory_icon.png/77px-Chain_of_Endurance_inventory_icon.png,Chain of Endurance
104,https://www.poewiki.net/images/thumb/4/40/Nevalius_Inheritance_inventory_icon.png/77px-Nevalius_Inheritance_inventory_icon.png,Nevalius Inheritance
105,https://www.poewiki.net/images/thumb/e/e4/Perandus_Blazon_inventory_icon.png/78px-Perandus_Blazon_inventory_icon.png,Perandus Blazon
106,https://www.poewiki.net/images/thumb/d/df/The_Magnate_inventory_icon.png/78px-The_Magnate_inventory_icon.png,The Magnate
107,https://www.poewiki.net/images/thumb/d/de/Faminebind_inventory_icon.png/78px-Faminebind_inventory_icon.png,Faminebind
108,https://www.poewiki.net/images/thumb/b/ba/Belt_of_the_Deceiver_inventory_icon.png/78px-Belt_of_the_Deceiver_inventory_icon.png,Belt of the Deceiver
109,https://www.poewiki.net/images/thumb/e/ee/Bated_Breath_inventory_icon.png/78px-Bated_Breath_inventory_icon.png,Bated Breath
110,https://www.poewiki.net/images/thumb/6/60/Coward%27s_Chains_inventory_icon.png/78px-Coward%27s_Chains_inventory_icon.png,Coward's Chains
111,https://www.poewiki.net/images/thumb/e/ee/Bated_Breath_inventory_icon.png/78px-Bated_Breath_inventory_icon.png,Bated Breath
112,https://www.poewiki.net/images/thumb/2/2e/Prismweave_inventory_icon.png/78px-Prismweave_inventory_icon.png,Prismweave
113,https://www.poewiki.net/images/thumb/2/2e/Prismweave_inventory_icon.png/78px-Prismweave_inventory_icon.png,Prismweave
114,https://www.poewiki.net/images/thumb/b/b3/Bisco%27s_Leash_inventory_icon.png/78px-Bisco%27s_Leash_inventory_icon.png,Bisco's Leash
115,https://www.poewiki.net/images/thumb/0/05/Umbilicus_Immortalis_inventory_icon.png/78px-Umbilicus_Immortalis_inventory_icon.png,Umbilicus Immortalis
116,https://www.poewiki.net/images/thumb/4/4b/Ryslatha%27s_Coil_inventory_icon.png/78px-Ryslatha%27s_Coil_inventory_icon.png,Ryslatha's Coil
117,https://www.poewiki.net/images/thumb/0/07/Sunblast_inventory_icon.png/78px-Sunblast_inventory_icon.png,Sunblast
118,https://www.poewiki.net/images/thumb/5/5f/Ceinture_of_Benevolence_inventory_icon.png/77px-Ceinture_of_Benevolence_inventory_icon.png,Ceinture of Benevolence
119,https://www.poewiki.net/images/thumb/e/ee/Headhunter_inventory_icon.png/78px-Headhunter_inventory_icon.png,Headhunter
120,https://www.poewiki.net/images/thumb/3/3e/Mother%27s_Embrace_inventory_icon.png/78px-Mother%27s_Embrace_inventory_icon.png,Mother's Embrace
121,https://www.poewiki.net/images/thumb/e/ee/Headhunter_inventory_icon.png/78px-Headhunter_inventory_icon.png,Headhunter
122,https://www.poewiki.net/images/thumb/c/cf/Wurm%27s_Molt_inventory_icon.png/78px-Wurm%27s_Molt_inventory_icon.png,Wurm's Molt
123,https://www.poewiki.net/images/thumb/a/aa/Pyroshock_Clasp_inventory_icon.png/78px-Pyroshock_Clasp_inventory_icon.png,Pyroshock Clasp
124,https://www.poewiki.net/images/thumb/9/96/Ascent_From_Flesh_inventory_icon.png/78px-Ascent_From_Flesh_inventory_icon.png,Ascent From Flesh
125,https://www.poewiki.net/images/thumb/c/c0/Mageblood_inventory_icon.png/78px-Mageblood_inventory_icon.png,Mageblood
126,https://www.poewiki.net/images/thumb/4/4f/Maligaro%27s_Restraint_inventory_icon.png/78px-Maligaro%27s_Restraint_inventory_icon.png,Maligaro's Restraint
127,https://www.poewiki.net/images/thumb/1/12/Siegebreaker_inventory_icon.png/78px-Siegebreaker_inventory_icon.png,Siegebreaker
128,https://www.poewiki.net/images/thumb/1/12/Siegebreaker_inventory_icon.png/78px-Siegebreaker_inventory_icon.png,Siegebreaker
129,https://www.poewiki.net/images/thumb/3/3e/The_Retch_inventory_icon.png/78px-The_Retch_inventory_icon.png,The Retch
130,https://www.poewiki.net/images/thumb/0/0e/Soulthirst_inventory_icon.png/78px-Soulthirst_inventory_icon.png,Soulthirst
131,https://www.poewiki.net/images/thumb/4/4a/Gluttony_inventory_icon.png/78px-Gluttony_inventory_icon.png,Gluttony
132,https://www.poewiki.net/images/thumb/b/b4/Soul_Tether_inventory_icon.png/78px-Soul_Tether_inventory_icon.png,Soul Tether
133,https://www.poewiki.net/images/thumb/b/b4/Soul_Tether_inventory_icon.png/78px-Soul_Tether_inventory_icon.png,Soul Tether
134,https://www.poewiki.net/images/thumb/2/26/The_Druggery_inventory_icon.png/78px-The_Druggery_inventory_icon.png,The Druggery
135,https://www.poewiki.net/images/thumb/a/a6/Bound_Fate_inventory_icon.png/77px-Bound_Fate_inventory_icon.png,Bound Fate
136,https://www.poewiki.net/images/thumb/7/70/Leash_of_Oblation_inventory_icon.png/78px-Leash_of_Oblation_inventory_icon.png,Leash of Oblation
137,https://www.poewiki.net/images/thumb/8/80/Immortal_Flesh_inventory_icon.png/78px-Immortal_Flesh_inventory_icon.png,Immortal Flesh
138,https://www.poewiki.net/images/thumb/a/a4/Coward%27s_Legacy_inventory_icon.png/78px-Coward%27s_Legacy_inventory_icon.png,Coward's Legacy
139,https://www.poewiki.net/images/thumb/e/e1/Dyadian_Dawn_inventory_icon.png/78px-Dyadian_Dawn_inventory_icon.png,Dyadian Dawn
140,https://www.poewiki.net/images/thumb/1/16/Survivor%27s_Guilt_inventory_icon.png/78px-Survivor%27s_Guilt_inventory_icon.png,Survivor's Guilt
141,https://www.poewiki.net/images/thumb/0/03/Hyperboreus_inventory_icon.png/78px-Hyperboreus_inventory_icon.png,Hyperboreus
142,https://www.poewiki.net/images/thumb/1/13/Kaom%27s_Binding_inventory_icon.png/77px-Kaom%27s_Binding_inventory_icon.png,Kaom's Binding
143,https://www.poewiki.net/images/thumb/e/e4/The_Flow_Untethered_inventory_icon.png/78px-The_Flow_Untethered_inventory_icon.png,The Flow Untethered
144,https://www.poewiki.net/images/thumb/d/db/The_Torrent%27s_Reclamation_inventory_icon.png/78px-The_Torrent%27s_Reclamation_inventory_icon.png,The Torrent's Reclamation
145,https://www.poewiki.net/images/thumb/4/4f/Chains_of_Emancipation_inventory_icon.png/78px-Chains_of_Emancipation_inventory_icon.png,Chains of Emancipation
146,https://www.poewiki.net/images/thumb/7/7e/Arn%27s_Anguish_inventory_icon.png/78px-Arn%27s_Anguish_inventory_icon.png,Arn's Anguish
147,https://www.poewiki.net/images/thumb/5/5d/Bear%27s_Girdle_inventory_icon.png/78px-Bear%27s_Girdle_inventory_icon.png,Bear's Girdle
148,https://www.poewiki.net/images/thumb/4/48/Cyclopean_Coil_inventory_icon.png/78px-Cyclopean_Coil_inventory_icon.png,Cyclopean Coil
149,https://www.poewiki.net/images/thumb/3/34/Doryani%27s_Invitation_inventory_icon.png/78px-Doryani%27s_Invitation_inventory_icon.png,Doryani's Invitation
150,https://www.poewiki.net/images/thumb/3/34/Doryani%27s_Invitation_inventory_icon.png/78px-Doryani%27s_Invitation_inventory_icon.png,Doryani's Invitation
151,https://www.poewiki.net/images/thumb/3/34/Doryani%27s_Invitation_inventory_icon.png/78px-Doryani%27s_Invitation_inventory_icon.png,Doryani's Invitation
152,https://www.poewiki.net/images/thumb/3/34/Doryani%27s_Invitation_inventory_icon.png/78px-Doryani%27s_Invitation_inventory_icon.png,Doryani's Invitation
153,https://www.poewiki.net/images/thumb/5/5e/Graven%27s_Secret_inventory_icon.png/78px-Graven%27s_Secret_inventory_icon.png,Graven's Secret
154,https://www.poewiki.net/images/thumb/a/ac/Olesya%27s_Delight_inventory_icon.png/78px-Olesya%27s_Delight_inventory_icon.png,Olesya's Delight
155,https://www.poewiki.net/images/thumb/4/42/Perseverance_inventory_icon.png/78px-Perseverance_inventory_icon.png,Perseverance
156,https://www.poewiki.net/images/thumb/2/2f/The_Tides_of_Time_inventory_icon.png/77px-The_Tides_of_Time_inventory_icon.png,The Tides of Time
157,https://www.poewiki.net/images/thumb/5/5e/Auxium_inventory_icon.png/78px-Auxium_inventory_icon.png,Auxium
158,https://www.poewiki.net/images/thumb/8/81/The_Burden_of_Truth_inventory_icon.png/77px-The_Burden_of_Truth_inventory_icon.png,The Burden of Truth
159,https://www.poewiki.net/images/thumb/b/b8/Blackheart_inventory_icon.png/39px-Blackheart_inventory_icon.png,Blackheart
160,https://www.poewiki.net/images/thumb/1/1e/Doedre%27s_Damning_inventory_icon.png/39px-Doedre%27s_Damning_inventory_icon.png,Doedre's Damning
161,https://www.poewiki.net/images/thumb/0/05/Kalandra%27s_Touch_inventory_icon.png/39px-Kalandra%27s_Touch_inventory_icon.png,Kalandra's Touch
162,https://www.poewiki.net/images/thumb/b/bb/Kaom%27s_Sign_inventory_icon.png/39px-Kaom%27s_Sign_inventory_icon.png,Kaom's Sign
163,https://www.poewiki.net/images/thumb/1/1f/Perandus_Signet_inventory_icon.png/39px-Perandus_Signet_inventory_icon.png,Perandus Signet
164,https://www.poewiki.net/images/thumb/1/1e/Doedre%27s_Damning_inventory_icon.png/39px-Doedre%27s_Damning_inventory_icon.png,Doedre's Damning
165,https://www.poewiki.net/images/thumb/7/70/Malachai%27s_Artifice_inventory_icon.png/39px-Malachai%27s_Artifice_inventory_icon.png,Malachai's Artifice
166,https://www.poewiki.net/images/thumb/7/70/Malachai%27s_Artifice_inventory_icon.png/39px-Malachai%27s_Artifice_inventory_icon.png,Malachai's Artifice
167,https://www.poewiki.net/images/thumb/9/9c/Pyre_inventory_icon.png/39px-Pyre_inventory_icon.png,Pyre
168,https://www.poewiki.net/images/thumb/6/61/Call_of_the_Void_inventory_icon.png/39px-Call_of_the_Void_inventory_icon.png,Call of the Void
169,https://www.poewiki.net/images/thumb/e/eb/Emberwake_inventory_icon.png/39px-Emberwake_inventory_icon.png,Emberwake
170,https://www.poewiki.net/images/thumb/f/f4/Mokou%27s_Embrace_inventory_icon.png/39px-Mokou%27s_Embrace_inventory_icon.png,Mokou's Embrace
171,https://www.poewiki.net/images/thumb/e/eb/Emberwake_inventory_icon.png/39px-Emberwake_inventory_icon.png,Emberwake
172,https://www.poewiki.net/images/thumb/5/59/Andvarius_inventory_icon.png/39px-Andvarius_inventory_icon.png,Andvarius
173,https://www.poewiki.net/images/thumb/5/56/Berek%27s_Grip_inventory_icon.png/39px-Berek%27s_Grip_inventory_icon.png,Berek's Grip
174,https://www.poewiki.net/images/thumb/e/e9/Berek%27s_Pass_inventory_icon.png/39px-Berek%27s_Pass_inventory_icon.png,Berek's Pass
175,https://www.poewiki.net/images/thumb/a/ab/Berek%27s_Respite_inventory_icon.png/39px-Berek%27s_Respite_inventory_icon.png,Berek's Respite
176,https://www.poewiki.net/images/thumb/9/9e/Call_of_the_Brotherhood_inventory_icon.png/39px-Call_of_the_Brotherhood_inventory_icon.png,Call of the Brotherhood
177,https://www.poewiki.net/images/thumb/0/04/Grattus_Signet_inventory_icon.png/39px-Grattus_Signet_inventory_icon.png,Grattus Signet
178,https://www.poewiki.net/images/thumb/6/6c/Heartbound_Loop_inventory_icon.png/39px-Heartbound_Loop_inventory_icon.png,Heartbound Loop
179,https://www.poewiki.net/images/thumb/6/6a/Ixchel%27s_Temptation_inventory_icon.png/39px-Ixchel%27s_Temptation_inventory_icon.png,Ixchel's Temptation
180,https://www.poewiki.net/images/thumb/3/3f/Kikazaru_inventory_icon.png/39px-Kikazaru_inventory_icon.png,Kikazaru
181,https://www.poewiki.net/images/thumb/4/41/Tasalio%27s_Sign_inventory_icon.png/39px-Tasalio%27s_Sign_inventory_icon.png,Tasalio's Sign
182,https://www.poewiki.net/images/thumb/e/e5/Rigwald%27s_Crest_inventory_icon.png/39px-Rigwald%27s_Crest_inventory_icon.png,Rigwald's Crest
183,https://www.poewiki.net/images/thumb/4/41/Tasalio%27s_Sign_inventory_icon.png/39px-Tasalio%27s_Sign_inventory_icon.png,Tasalio's Sign
184,https://www.poewiki.net/images/thumb/9/96/Praxis_inventory_icon.png/39px-Praxis_inventory_icon.png,Praxis
185,https://www.poewiki.net/images/thumb/2/24/Dream_Fragments_inventory_icon.png/39px-Dream_Fragments_inventory_icon.png,Dream Fragments
186,https://www.poewiki.net/images/thumb/4/4e/Le_Heup_of_All_inventory_icon.png/39px-Le_Heup_of_All_inventory_icon.png,Le Heup of All
187,https://www.poewiki.net/images/thumb/9/93/Mark_of_Submission_inventory_icon.png/39px-Mark_of_Submission_inventory_icon.png,Mark of Submission
188,https://www.poewiki.net/images/thumb/3/30/Winterweave_inventory_icon.png/39px-Winterweave_inventory_icon.png,Winterweave
189,https://www.poewiki.net/images/thumb/1/15/Timeclasp_inventory_icon.png/39px-Timeclasp_inventory_icon.png,Timeclasp
190,https://www.poewiki.net/images/thumb/6/68/Gifts_from_Above_inventory_icon.png/39px-Gifts_from_Above_inventory_icon.png,Gifts from Above
191,https://www.poewiki.net/images/thumb/4/42/Ngamahu%27s_Sign_inventory_icon.png/39px-Ngamahu%27s_Sign_inventory_icon.png,Ngamahu's Sign
192,https://www.poewiki.net/images/thumb/6/6a/Death_Rush_inventory_icon.png/39px-Death_Rush_inventory_icon.png,Death Rush
193,https://www.poewiki.net/images/thumb/a/ae/Lori%27s_Lantern_inventory_icon.png/39px-Lori%27s_Lantern_inventory_icon.png,Lori's Lantern
194,https://www.poewiki.net/images/thumb/5/5f/Shavronne%27s_Revelation_inventory_icon.png/39px-Shavronne%27s_Revelation_inventory_icon.png,Shavronne's Revelation
195,https://www.poewiki.net/images/thumb/5/59/The_Taming_inventory_icon.png/39px-The_Taming_inventory_icon.png,The Taming
196,https://www.poewiki.net/images/thumb/2/2f/The_Warden%27s_Brand_inventory_icon.png/39px-The_Warden%27s_Brand_inventory_icon.png,The Warden's Brand
197,https://www.poewiki.net/images/thumb/3/36/Thief%27s_Torment_inventory_icon.png/39px-Thief%27s_Torment_inventory_icon.png,Thief's Torment
198,https://www.poewiki.net/images/thumb/c/c5/Angler%27s_Plait_inventory_icon.png/39px-Angler%27s_Plait_inventory_icon.png,Angler's Plait
199,https://www.poewiki.net/images/thumb/4/41/Essence_Worm_inventory_icon.png/39px-Essence_Worm_inventory_icon.png,Essence Worm
200,https://www.poewiki.net/images/thumb/4/41/Fated_End_inventory_icon.png/39px-Fated_End_inventory_icon.png,Fated End
201,https://www.poewiki.net/images/thumb/a/a4/Valako%27s_Sign_inventory_icon.png/39px-Valako%27s_Sign_inventory_icon.png,Valako's Sign
202,https://www.poewiki.net/images/thumb/f/fe/Valyrium_inventory_icon.png/39px-Valyrium_inventory_icon.png,Valyrium
203,https://www.poewiki.net/images/thumb/f/f1/Astral_Projector_inventory_icon.png/39px-Astral_Projector_inventory_icon.png,Astral Projector
204,https://www.poewiki.net/images/thumb/b/b9/Warrior%27s_Legacy_inventory_icon.png/39px-Warrior%27s_Legacy_inventory_icon.png,Warrior's Legacy
205,https://www.poewiki.net/images/thumb/f/f0/Brinerot_Mark_inventory_icon.png/39px-Brinerot_Mark_inventory_icon.png,Brinerot Mark
206,https://www.poewiki.net/images/thumb/7/79/Mutewind_Seal_inventory_icon.png/39px-Mutewind_Seal_inventory_icon.png,Mutewind Seal
207,https://www.poewiki.net/images/thumb/0/00/Redblade_Band_inventory_icon.png/39px-Redblade_Band_inventory_icon.png,Redblade Band
208,https://www.poewiki.net/images/thumb/7/76/Soulbound_inventory_icon.png/39px-Soulbound_inventory_icon.png,Soulbound
209,https://www.poewiki.net/images/thumb/4/48/Tawhanuku%27s_Timing_inventory_icon.png/39px-Tawhanuku%27s_Timing_inventory_icon.png,Tawhanuku's Timing
210,https://www.poewiki.net/images/thumb/a/ab/The_Highwayman_inventory_icon.png/39px-The_Highwayman_inventory_icon.png,The Highwayman
211,https://www.poewiki.net/images/thumb/d/d4/Voideye_inventory_icon.png/39px-Voideye_inventory_icon.png,Voideye
212,https://www.poewiki.net/images/thumb/e/ed/Sibyl%27s_Lament_inventory_icon.png/39px-Sibyl%27s_Lament_inventory_icon.png,Sibyl's Lament
213,https://www.poewiki.net/images/thumb/f/f4/Vivinsect_inventory_icon.png/39px-Vivinsect_inventory_icon.png,Vivinsect
214,https://www.poewiki.net/images/thumb/d/d4/Voideye_inventory_icon.png/39px-Voideye_inventory_icon.png,Voideye
215,https://www.poewiki.net/images/thumb/4/4e/Nimis_inventory_icon.png/39px-Nimis_inventory_icon.png,Nimis
216,https://www.poewiki.net/images/thumb/1/1b/Ahkeli%27s_Meadow_inventory_icon.png/39px-Ahkeli%27s_Meadow_inventory_icon.png,Ahkeli's Meadow
217,https://www.poewiki.net/images/thumb/d/d6/Ahkeli%27s_Mountain_inventory_icon.png/39px-Ahkeli%27s_Mountain_inventory_icon.png,Ahkeli's Mountain
218,https://www.poewiki.net/images/thumb/d/d2/Ahkeli%27s_Valley_inventory_icon.png/39px-Ahkeli%27s_Valley_inventory_icon.png,Ahkeli's Valley
219,https://www.poewiki.net/images/thumb/1/1f/Anathema_inventory_icon.png/39px-Anathema_inventory_icon.png,Anathema
220,https://www.poewiki.net/images/thumb/a/af/Blackflame_inventory_icon.png/39px-Blackflame_inventory_icon.png,Blackflame
221,https://www.poewiki.net/images/thumb/2/2b/Icefang_Orbit_inventory_icon.png/39px-Icefang_Orbit_inventory_icon.png,Icefang Orbit
222,https://www.poewiki.net/images/thumb/e/ed/Precursor%27s_Emblem_%28Endurance_and_Frenzy_Charge%29_inventory_icon.png/39px-Precursor%27s_Emblem_%28Endurance_and_Frenzy_Charge%29_inventory_icon.png,Precursor's Emblem (Endurance and Frenzy Charge)
223,https://www.poewiki.net/images/thumb/a/ad/Precursor%27s_Emblem_%28Endurance_and_Power_Charge%29_inventory_icon.png/39px-Precursor%27s_Emblem_%28Endurance_and_Power_Charge%29_inventory_icon.png,Precursor's Emblem (Endurance and Power Charge)
224,https://www.poewiki.net/images/thumb/d/d1/Precursor%27s_Emblem_%28Endurance_Charge%29_inventory_icon.png/39px-Precursor%27s_Emblem_%28Endurance_Charge%29_inventory_icon.png,Precursor's Emblem (Endurance Charge)
225,https://www.poewiki.net/images/thumb/d/d7/Precursor%27s_Emblem_%28Endurance%2C_Frenzy_and_Power_Charge%29_inventory_icon.png/39px-Precursor%27s_Emblem_%28Endurance%2C_Frenzy_and_Power_Charge%29_inventory_icon.png,"Precursor's Emblem (Endurance, Frenzy and Power Charge)"
226,https://www.poewiki.net/images/thumb/c/c7/Precursor%27s_Emblem_%28Frenzy_and_Power_Charge%29_inventory_icon.png/39px-Precursor%27s_Emblem_%28Frenzy_and_Power_Charge%29_inventory_icon.png,Precursor's Emblem (Frenzy and Power Charge)
227,https://www.poewiki.net/images/thumb/2/2b/Precursor%27s_Emblem_%28Frenzy_Charge%29_inventory_icon.png/39px-Precursor%27s_Emblem_%28Frenzy_Charge%29_inventory_icon.png,Precursor's Emblem (Frenzy Charge)
228,https://www.poewiki.net/images/thumb/4/43/Precursor%27s_Emblem_%28Power_Charge%29_inventory_icon.png/39px-Precursor%27s_Emblem_%28Power_Charge%29_inventory_icon.png,Precursor's Emblem (Power Charge)
229,https://www.poewiki.net/images/thumb/1/1c/Putembo%27s_Meadow_inventory_icon.png/39px-Putembo%27s_Meadow_inventory_icon.png,Putembo's Meadow
230,https://www.poewiki.net/images/thumb/e/ec/Putembo%27s_Mountain_inventory_icon.png/39px-Putembo%27s_Mountain_inventory_icon.png,Putembo's Mountain
231,https://www.poewiki.net/images/thumb/8/8e/Putembo%27s_Valley_inventory_icon.png/39px-Putembo%27s_Valley_inventory_icon.png,Putembo's Valley
232,https://www.poewiki.net/images/thumb/8/87/Uzaza%27s_Meadow_inventory_icon.png/39px-Uzaza%27s_Meadow_inventory_icon.png,Uzaza's Meadow
233,https://www.poewiki.net/images/thumb/f/f9/Uzaza%27s_Mountain_inventory_icon.png/39px-Uzaza%27s_Mountain_inventory_icon.png,Uzaza's Mountain
234,https://www.poewiki.net/images/thumb/7/7d/Uzaza%27s_Valley_inventory_icon.png/39px-Uzaza%27s_Valley_inventory_icon.png,Uzaza's Valley
235,https://www.poewiki.net/images/thumb/3/33/Venopuncture_inventory_icon.png/39px-Venopuncture_inventory_icon.png,Venopuncture
236,https://www.poewiki.net/images/thumb/c/c3/Circle_of_Anguish_inventory_icon.png/39px-Circle_of_Anguish_inventory_icon.png,Circle of Anguish
237,https://www.poewiki.net/images/thumb/7/79/Circle_of_Fear_inventory_icon.png/39px-Circle_of_Fear_inventory_icon.png,Circle of Fear
238,https://www.poewiki.net/images/thumb/5/57/Circle_of_Guilt_inventory_icon.png/39px-Circle_of_Guilt_inventory_icon.png,Circle of Guilt
239,https://www.poewiki.net/images/thumb/f/f4/Circle_of_Nostalgia_inventory_icon.png/39px-Circle_of_Nostalgia_inventory_icon.png,Circle of Nostalgia
240,https://www.poewiki.net/images/thumb/4/42/Circle_of_Regret_inventory_icon.png/39px-Circle_of_Regret_inventory_icon.png,Circle of Regret
241,https://www.poewiki.net/images/thumb/9/90/Original_Sin_inventory_icon.png/39px-Original_Sin_inventory_icon.png,Original Sin
242,https://www.poewiki.net/images/thumb/a/a3/Profane_Proxy_inventory_icon.png/39px-Profane_Proxy_inventory_icon.png,Profane Proxy
243,https://www.poewiki.net/images/thumb/0/03/Rotblood_Promise_inventory_icon.png/39px-Rotblood_Promise_inventory_icon.png,Rotblood Promise
244,https://www.poewiki.net/images/thumb/a/af/Storm_Secret_inventory_icon.png/39px-Storm_Secret_inventory_icon.png,Storm Secret
245,https://www.poewiki.net/images/thumb/9/94/Romira%27s_Banquet_inventory_icon.png/39px-Romira%27s_Banquet_inventory_icon.png,Romira's Banquet
246,https://www.poewiki.net/images/thumb/e/e7/The_Pariah_inventory_icon.png/39px-The_Pariah_inventory_icon.png,The Pariah
247,https://www.poewiki.net/images/thumb/5/55/Circle_of_Ambition_inventory_icon.png/39px-Circle_of_Ambition_inventory_icon.png,Circle of Ambition
248,https://www.poewiki.net/images/thumb/2/22/Triumvirate_Authority_inventory_icon.png/39px-Triumvirate_Authority_inventory_icon.png,Triumvirate Authority
249,https://www.poewiki.net/images/thumb/2/22/Triumvirate_Authority_inventory_icon.png/39px-Triumvirate_Authority_inventory_icon.png,Triumvirate Authority
250,https://www.poewiki.net/images/thumb/4/47/Ventor%27s_Gamble_inventory_icon.png/39px-Ventor%27s_Gamble_inventory_icon.png,Ventor's Gamble
251,https://www.poewiki.net/images/thumb/a/a5/Snakepit_inventory_icon.png/39px-Snakepit_inventory_icon.png,Snakepit
252,https://www.poewiki.net/images/thumb/4/48/Ming%27s_Heart_inventory_icon.png/39px-Ming%27s_Heart_inventory_icon.png,Ming's Heart
253,https://www.poewiki.net/images/thumb/4/4d/The_Hungry_Loop_inventory_icon.png/39px-The_Hungry_Loop_inventory_icon.png,The Hungry Loop
254,https://www.poewiki.net/images/thumb/a/aa/Mark_of_the_Elder_inventory_icon.png/39px-Mark_of_the_Elder_inventory_icon.png,Mark of the Elder
255,https://www.poewiki.net/images/thumb/b/b8/Mark_of_the_Shaper_inventory_icon.png/39px-Mark_of_the_Shaper_inventory_icon.png,Mark of the Shaper
256,https://www.poewiki.net/images/thumb/8/8a/Polaric_Devastation_inventory_icon.png/39px-Polaric_Devastation_inventory_icon.png,Polaric Devastation
257,https://www.poewiki.net/images/thumb/2/2e/Stormfire_inventory_icon.png/39px-Stormfire_inventory_icon.png,Stormfire
258,https://www.poewiki.net/images/thumb/f/fa/Band_of_the_Victor_inventory_icon.png/39px-Band_of_the_Victor_inventory_icon.png,Band of the Victor
259,https://www.poewiki.net/images/thumb/c/c3/Circle_of_Anguish_inventory_icon.png/39px-Circle_of_Anguish_inventory_icon.png,Circle of Anguish
260,https://www.poewiki.net/images/thumb/7/79/Circle_of_Fear_inventory_icon.png/39px-Circle_of_Fear_inventory_icon.png,Circle of Fear
261,https://www.poewiki.net/images/thumb/5/57/Circle_of_Guilt_inventory_icon.png/39px-Circle_of_Guilt_inventory_icon.png,Circle of Guilt
262,https://www.poewiki.net/images/thumb/f/f4/Circle_of_Nostalgia_inventory_icon.png/39px-Circle_of_Nostalgia_inventory_icon.png,Circle of Nostalgia
263,https://www.poewiki.net/images/thumb/4/42/Circle_of_Regret_inventory_icon.png/39px-Circle_of_Regret_inventory_icon.png,Circle of Regret
264,https://www.poewiki.net/images/thumb/1/1a/Demigod%27s_Eye_inventory_icon.png/39px-Demigod%27s_Eye_inventory_icon.png,Demigod's Eye
265,https://www.poewiki.net/images/thumb/b/bb/Kaom%27s_Sign_inventory_icon.png/39px-Kaom%27s_Sign_inventory_icon.png,Kaom's Sign
266,https://www.poewiki.net/images/thumb/1/15/Timeclasp_inventory_icon.png/39px-Timeclasp_inventory_icon.png,Timeclasp
267,https://www.poewiki.net/images/thumb/b/b8/Blackheart_inventory_icon.png/39px-Blackheart_inventory_icon.png,Blackheart
268,https://www.poewiki.net/images/thumb/3/30/Winterweave_inventory_icon.png/39px-Winterweave_inventory_icon.png,Winterweave
269,https://www.poewiki.net/images/thumb/2/23/Honoured_Alliance_inventory_icon.png/39px-Honoured_Alliance_inventory_icon.png,Honoured Alliance
